"Display Name","First Name","Last Name","Email","Mobile Number","Home Number","Street","City","State","Country","Postal Code","Company","Job Title","Work Number"
"Terry","Terry","Medhurst","atuny0@sohu.com","+63 791 675 8914","+63 791 675 8914","1745 T Street Southeast","Washington","DC","USA","20020","Blanda-O'Keefe","Help Desk Operator","+63 791 675 8914"
"Sheldon","Sheldon","Quigley","hbingley1@plala.or.jp","+7 813 117 7139","+7 813 117 7139","6007 Applegate Lane","Louisville","KY","USA","40219","Aufderhar-Cronin","Senior Cost Accountant","+7 813 117 7139"
"Terrill","Terrill","Hills","rshawe2@51.la","+63 739 292 7942","+63 739 292 7942","560 Penstock Drive","Grass Valley","CA","USA","95945","Lindgren LLC","Mechanical Systems Engineer","+63 739 292 7942"
"Miles","Miles","Cummerata","yraigatt3@nature.com","+86 461 145 4186","+86 461 145 4186","150 Carter Street","Manchester","CT","USA","06040","Wolff and Sons","Paralegal","+86 461 145 4186"
"Mavis","Mavis","Schultz","kmeus4@upenn.edu","+372 285 771 1911","+372 285 771 1911","2721 Lindsay Avenue","Louisville","KY","USA","40206","Adams Inc","Web Developer I","+372 285 771 1911"
"Oleta","Oleta","Abbott","dpettegre6@columbia.edu","+62 640 802 7111","+62 640 802 7111","637 Britannia Drive","Vallejo","CA","USA","94591","Schimmel, Wilderman and Orn","Sales Associate","+62 640 802 7111"
"Ewell","Ewell","Mueller","ggude7@chron.com","+86 946 297 2275","+86 946 297 2275","5601 West Crocus Drive","Glendale","AZ","USA","85306","Corkery, Reichert and Hodkiewicz","Clinical Specialist","+86 946 297 2275"
"Demetrius","Demetrius","Corkery","nloiterton8@aol.com","+86 356 590 9727","+86 356 590 9727","5403 Illinois Avenue","Nashville","TN","USA","37209","Gorczany Group","Community Outreach Specialist","+86 356 590 9727"
"Eleanora","Eleanora","Price","umcgourty9@jalbum.net","+60 184 408 0824","+60 184 408 0824","8821 West Myrtle Avenue","Glendale","AZ","USA","85305","Bins Group","Senior Sales Associate","+60 184 408 0824"
"Marcel","Marcel","Jones","acharlota@liveinternet.ru","+967 253 210 0344","+967 253 210 0344","2203 7th Street Road","Louisville","KY","USA","40208","Kuhn-Harber","Account Executive","+967 253 210 0344"
"Assunta","Assunta","Rath","rhallawellb@dropbox.com","+380 962 542 6549","+380 962 542 6549","6463 Vrain Street","Arvada","CO","USA","80003","Goodwin-Skiles","Developer II","+380 962 542 6549"
"Trace","Trace","Douglas","lgribbinc@posterous.com","+1 609 937 3468","+1 609 937 3468","87 Horseshoe Drive","West Windsor","VT","USA","05037","Casper Inc","Sales Associate","+1 609 937 3468"
"Enoch","Enoch","Lynch","mturleyd@tumblr.com","+94 912 100 5118","+94 912 100 5118","60 Desousa Drive","Manchester","CT","USA","06040","Schoen Inc","Professor","+94 912 100 5118"
"Jeanne","Jeanne","Halvorson","kminchelle@qq.com","+86 581 108 7855","+86 581 108 7855","4 Old Colony Way","Yarmouth","MA","USA","02664","Hahn-MacGyver","Software Test Engineer IV","+86 581 108 7855"
"Trycia","Trycia","Fadel","dpierrof@vimeo.com","+420 833 708 0340","+420 833 708 0340","314 South 17th Street","Nashville","TN","USA","37206","Steuber, Considine and Padberg","Geological Engineer","+420 833 708 0340"
"Bradford","Bradford","Prohaska","vcholdcroftg@ucoz.com","+420 874 628 3710","+420 874 628 3710","1649 Timberridge Court","Fayetteville","AR","USA","72704","Bogisich and Sons","Operator","+420 874 628 3710"
"Arely","Arely","Skiles","sberminghamh@chron.com","+55 886 766 8617","+55 886 766 8617","5461 West Shades Valley Drive","Montgomery","AL","USA","36108","Metz Group","VP Accounting","+55 886 766 8617"
"Gust","Gust","Purdy","bleveragei@so-net.ne.jp","+86 886 889 0258","+86 886 889 0258","629 Debbie Drive","Nashville","TN","USA","37076","Bahringer, Auer and Wehner","Financial Analyst","+86 886 889 0258"
"Lenna","Lenna","Renner","aeatockj@psu.edu","+1 904 601 7177","+1 904 601 7177","22572 Toreador Drive","Salinas","CA","USA","93908","Hoppe Group","Geologist III","+1 904 601 7177"
"Doyle","Doyle","Ernser","ckensleyk@pen.io","+86 634 419 6839","+86 634 419 6839","3034 Mica Street","Fayetteville","AR","USA","72704","Brekke Group","Programmer Analyst I","+86 634 419 6839"
"Tressa","Tressa","Weber","froachel@howstuffworks.com","+34 517 104 6248","+34 517 104 6248","3729 East Mission Boulevard","Fayetteville","AR","USA","72703","Durgan Group","VP Quality Control","+34 517 104 6248"
"Felicity","Felicity","O'Reilly","beykelhofm@wikispaces.com","+63 919 564 1690","+63 919 564 1690","5114 Greentree Drive","Nashville","TN","USA","37211","Romaguera, Williamson and Kessler","Assistant Manager","+63 919 564 1690"
"Jocelyn","Jocelyn","Schuster","brickeardn@fema.gov","+7 968 462 1292","+7 968 462 1292","3466 Southview Avenue","Montgomery","AL","USA","36111","Wintheiser-Boehm","Research Nurse","+7 968 462 1292"
"Edwina","Edwina","Ernser","dfundello@amazon.co.jp","+86 376 986 8945","+86 376 986 8945","1513 Cathy Street","Savannah","GA","USA","31415","Volkman Group","Cost Accountant","+86 376 986 8945"
"Griffin","Griffin","Braun","lgronaverp@cornell.edu","+62 511 790 0161","+62 511 790 0161","600 West 19th Avenue","Anchorage","AK","USA","99503","Boyle, Boyer and Lang","Senior Cost Accountant","+62 511 790 0161"
"Piper","Piper","Schowalter","fokillq@amazon.co.jp","+60 785 960 7918","+60 785 960 7918","1208 Elkader Court North","Nashville","TN","USA","37013","O'Hara and Sons","Sales Representative","+60 785 960 7918"
"Kody","Kody","Terry","xisherwoodr@ask.com","+81 859 545 8951","+81 859 545 8951","210 Green Road","Manchester","CT","USA","06042","Leffler, Beatty and Kilback","Recruiting Manager","+81 859 545 8951"
"Macy","Macy","Greenfelder","jissetts@hostgator.com","+81 915 649 2384","+81 915 649 2384","49548 Road 200","O'Neals","CA","USA","93645","Bruen and Sons","Structural Analysis Engineer","+81 915 649 2384"
"Maurine","Maurine","Stracke","kdulyt@umich.edu","+48 143 590 6847","+48 143 590 6847","81 Seaton Place Northwest","Washington","DC","USA","20001","Balistreri-Kshlerin","Quality Engineer","+48 143 590 6847"